,MAE,RMSE,R2,MAPE
Linear Regression,172.3092580730685,285.9500832781121,0.7980238190359469,17.83709335821853
Ridge Regression,165.18987457246334,251.1602835626447,0.8441805629997094,17.135919720503185
Random Forest,142.32604422219288,209.81043300797344,0.8912638726326993,14.137902156764767
Gradient Boosting,137.86454834425453,205.39143747541482,0.8957960047882891,13.639548243351765
